Name,Time

ROHIT,05/15/22:10:48
ROHIT,05/15/22:10:54
elon,05/15/22:10:58
ROHIT,05/15/22:10:59
ROHIT,05/15/22:11:22
ROHIT,05/15/22:11:31
ROHIT,05/15/22:11:32
ROHIT,05/15/22:11:33
ROHIT,05/15/22:11:34
ROHIT,05/15/22:11:35
ROHIT,05/15/22:11:41
ROHIT,05/15/22:11:42
ROHIT,05/15/22:11:46
ROHIT,05/15/22:11:47
ROHIT,05/15/22:11:48
ROHIT,05/15/22:11:50
ROHIT,05/15/22:11:53
ROHIT,05/15/22:11:54
ROHIT,05/15/22:12:00
ROHIT,05/15/22:12:01
ROHIT,05/15/22:12:02
ROHIT,05/15/22:12:15
ROHIT,05/15/22:12:17
ROHIT,05/15/22:12:18
ROHIT,05/15/22:12:19
UTKARSH,05/15/22:12:20
ROHIT,05/15/22:12:21
ROHIT,05/17/22:14:43
ROHIT,05/17/22:14:45
ROHIT,05/17/22:14:46
ROHIT,05/17/22:14:47